cabang,induk
1,1
2,2
3,3
4,4
5,5
6,6
7,7
8,8
9,9
10,10
11,11
12,12
13,13
14,14
15,15
16,16
17,17
18,18
19,19
20,20
21,21
22,22
23,23
24,24
25,25
26,26
27,27
28,28
29,29
30,30
31,31
32,32
33,33
34,34
35,35
36,36
37,37
38,38
39,39
40,40
41,41
42,42
43,43
44,44
45,45
46,46
47,47
48,48
49,49
50,50
51,51
52,52
53,53
54,54
55,55
56,56
57,57
58,58
59,59
60,60
61,61
62,62
63,63
64,64
65,65
66,66
67,67
68,68
69,69
70,70
71,71
72,72
73,73
74,74
75,75
76,76
77,77
78,78
79,79
80,80
81,81
82,82
83,83
84,84
85,85
86,86
87,87
88,88
89,89
90,90
91,91
92,92
93,93
94,94
95,95
96,96
97,97
98,98
99,99
100,100
101,101
102,102
103,103
104,104
105,105
106,106
107,107
108,108
109,109
110,110
111,111
112,112
113,113
114,114
115,115
116,116
117,117
118,118
119,119
120,120
121,121
122,122
123,123
124,124
125,125
126,126
127,127
128,128
129,129
130,130
131,131
132,132
133,133
134,134
135,135
136,136
137,137
138,138
139,139
140,140
141,141
142,142
143,143
144,144
145,145
146,146
147,147
148,148
149,149
150,150
151,151
152,152
153,153
154,154
155,155
156,156
157,157
158,158
159,159
160,160
161,161
162,162
163,163
164,164
165,165
166,166
167,167
168,168
169,169
170,170
171,171
172,172
173,173
174,174
175,175
176,176
177,177
178,178
179,179
180,180
181,181
182,182
183,183
184,184
185,185
186,186
187,187
188,188
189,189
190,190
191,191
192,192
193,193
194,194
195,195
196,196
197,197
198,198
199,199
200,200
201,201
202,202
203,203
204,204
205,205
206,206
207,207
208,208
209,209
210,210
211,211
212,212
213,213
214,214
215,215
216,216
217,217
218,218
219,219
220,220
221,221
222,222
223,223
224,224
225,225
226,226
227,227
228,228
229,229
230,230
231,231
232,232
233,233
234,234
235,235
236,236
237,237
238,238
239,239
240,240
241,241
242,242
243,243
244,244
245,245
246,246
247,247
248,248
249,249
250,250
251,251
252,252
253,253
254,254
255,255
256,256
257,257
258,258
259,259
260,260
261,261
262,262
263,263
264,264
265,265
266,266
267,267
268,268
269,269
270,270
271,271
272,272
273,273
274,274
275,275
276,276
277,277
278,278
279,279
280,280
281,281
282,282
283,283
284,284
285,285
286,286
287,287
288,288
289,289
290,290
291,291
292,292
294,294
296,296
297,297
298,298
299,299
300,300
302,302
303,303
304,304
305,305
306,306
307,307
308,308
309,309
310,310
311,311
312,312
314,314
315,315
317,317
318,318
319,319
320,320
321,321
322,322
323,323
324,324
325,325
326,326
327,327
328,328
329,329
330,330
331,331
332,332
333,333
334,334
335,335
336,336
337,337
338,338
339,339
340,340
341,341
342,342
343,343
344,344
345,345
346,346
347,347
348,348
349,349
350,350
351,351
352,352
353,353
354,354
355,355
356,356
357,357
358,358
359,359
360,360
361,361
362,362
363,363
364,364
365,365
367,367
368,368
372,229
374,229
375,229
376,376
377,377
378,378
379,379
382,382
384,384
385,385
386,386
387,387
388,229
389,389
390,390
391,229
392,392
393,393
394,394
395,395
396,396
397,397
398,398
399,399
401,401
402,206
403,403
404,404
405,405
406,406
407,407
408,408
409,409
410,410
411,411
412,412
415,415
416,416
417,417
418,418
419,419
420,420
421,421
422,422
423,423
424,424
425,425
426,426
427,427
428,428
429,429
430,430
433,433
434,434
435,435
437,437
438,438
439,439
440,440
441,441
442,442
443,443
444,444
445,445
446,446
447,447
448,448
501,330
502,230
503,503
504,18
505,395
506,361
507,329
508,33
509,509
510,422
511,511
512,149
513,327
514,29
515,325
516,516
517,105
518,65
519,412
520,398
521,393
522,434
523,428
524,382
525,330
526,332
527,385
528,419
529,424
530,386
531,387
532,18
533,387
534,427
535,186
536,437
537,319
538,538
539,377
540,439
541,415
542,162
543,181
544,544
545,101
546,66
547,106
548,34
549,68
550,65
551,429
552,45
553,553
554,51
555,555
556,556
557,17
558,329
559,140
560,560
561,561
562,1
563,563
564,126
565,333
566,72
567,89
568,89
569,71
570,124
571,368
572,572
573,124
574,88
575,248
576,412
577,7
578,384
579,579
580,360
581,7
582,73
583,583
584,584
585,23
586,55
587,587
588,419
589,344
590,590
591,368
592,338
593,405
594,359
595,387
596,329
597,116
598,94
599,28
600,401
601,107
602,59
603,603
604,604
605,605
606,20
607,607
608,142
609,609
610,325
611,22
612,35
613,68
614,48
615,615
616,616
617,15
618,618
619,2
620,268
621,331
622,622
623,623
624,630
625,82
626,212
627,627
628,147
629,82
630,630
631,37
632,264
633,633
634,144
635,404
636,636
637,637
638,638
639,228
640,307
641,641
642,642
643,643
644,646
645,259
646,646
647,167
648,648
649,237
650,286
651,341
652,419
653,338
655,408
656,137
657,657
658,53
659,331
660,98
661,661
662,172
663,623
664,50
665,283
666,666
667,15
668,668
669,58
670,164
671,671
672,538
673,5
674,286
675,5
676,14
677,325
678,435
679,185
680,7
681,9
682,26
683,41
684,684
685,246
686,572
687,687
688,54
689,54
690,43
691,263
692,367
693,367
694,633
695,404
696,696
697,8
698,115
699,98
746,354
747,354
748,354
749,354
750,354
751,389
752,407
753,337
754,389
755,407
756,337
757,354
758,354
759,337
760,337
761,408
762,389
763,337
764,337
765,337
766,401
767,337
768,407
769,401
770,337
771,337
772,401
773,401
774,401
775,337
776,337
777,337
778,337
779,337
780,337
781,337
782,408
783,340
784,356
785,356
786,356
787,356
788,356
789,356
790,356
791,356
792,356
793,356
794,430
795,430
796,430
797,430
798,382
799,139
800,12
801,12
802,509
803,12
804,12
805,421
806,421
807,12
808,12
809,538
810,12
811,12
812,538
813,421
814,442
815,248
816,339
817,120
818,120
819,509
820,509
821,120
822,120
823,445
824,382
825,120
826,120
827,445
828,445
829,509
830,188
831,188
832,188
833,84
834,339
835,340
836,340
837,339
838,445
839,139
840,379
841,444
842,444
843,444
844,444
845,444
847,444
848,444
849,444
850,850
851,851
852,229
853,853
854,854
855,855
856,856
857,857
858,858
859,859
861,139
862,442
863,433
864,430
865,430
866,418
867,430
868,430
869,186
871,408
872,21
873,412
874,412
875,584
876,411
877,411
878,411
879,411
880,584
881,411
882,411
883,412
884,408
885,407
886,354
887,408
888,229
889,137
890,94
891,245
892,245
893,94
894,544
895,132
896,107
897,325
898,83
899,83
900,83
901,83
902,334
903,182
904,334
905,334
906,139
907,139
908,444
909,12
910,538
911,538
912,12
913,12
914,421
915,120
916,509
917,509
918,120
919,382
920,445
921,509
922,430
923,430
924,382
925,430
926,382
927,419
928,386
929,419
930,386
931,442
932,442
933,340
934,433
935,139
936,139
937,139
938,444
939,340
940,186
941,386
942,186
943,186
944,386
945,339
946,538
947,339
948,339
949,442
951,538
952,379
953,339
954,395
955,433
956,395
957,395
958,379
959,379
962,379
963,379
964,356
965,386
966,356
967,386
968,340
969,433
970,17
971,17
972,17
973,411
974,412
975,584
976,412
977,584
978,325
979,83
980,325
981,83
982,325
983,410
984,556
985,17
986,245
987,410
988,407
989,408
990,354
991,337
992,408
993,421
994,382
995,442
996,379
997,419
998,382
1001,59
1006,609
1007,435
1008,29
1050,360
1051,394
1052,37
1053,243
1054,237
1055,29
1056,29
1057,227
1058,325
1059,281
1060,242
1061,14
1062,52
1063,1063
1064,97
1065,97
1066,93
1067,556
1068,556
1069,42
1070,137
1071,137
1072,130
1073,642
1074,343
1075,76
1076,363
1077,286
1078,406
1079,1079
1080,1080
1081,1081
1082,1082
1083,336
1084,336
1085,367
1086,367
1087,336
1088,404
1089,266
1090,266
1091,336
1092,633
1093,638
1094,323
1095,99
1096,99
1097,1097
1098,170
1099,1099
1100,164
1101,318
1102,128
1103,342
1104,342
1105,139
1106,392
1107,407
1108,46
1109,609
1110,609
1111,29
1112,273
1113,214
1114,103
1115,441
1116,362
1117,122
1118,395
1119,18
1120,417
1121,230
1122,399
1123,335
1124,122
1125,335
1127,1127
1128,387
1129,120
1130,193
1131,319
1132,120
1133,447
1134,421
1136,630
1137,211
1138,435
1139,132
1140,132
1141,389
1142,630
1143,509
1144,1144
1145,1145
1146,362
1147,538
1148,335
1149,387
1150,423
1151,421
1152,384
1153,424
1154,238
1155,96
1156,1156
1157,584
1158,1156
1159,86
1160,86
1161,21
1162,304
1163,538
1164,188
1165,319
1166,84
1167,193
1168,89
1169,385
1170,384
1171,19
1172,19
1173,382
1174,344
1175,51
1176,416
1177,396
1178,322
1179,345
1180,387
1181,302
1182,341
1183,261
1184,437
1185,509
1186,319
1187,419
1188,441
1189,387
1190,189
1191,440
1192,386
1193,186
1194,376
1195,376
1196,346
1197,587
1198,584
1199,26
1200,346
1201,230
1202,19
1203,433
1204,338
1205,441
1206,122
1207,386
1208,230
1209,122
1210,395
1211,193
1212,415
1213,230
1214,122
1215,329
1216,386
1218,18
1219,385
1220,193
1221,422
1222,341
1223,1223
1224,12
1225,384
1226,120
1228,328
1229,344
1230,51
1231,337
1233,328
1234,509
1235,230
1236,509
1237,339
1238,385
1239,332
1240,329
1241,335
1242,329
1243,329
1244,338
1245,329
1246,329
1247,429
1248,211
1249,302
1250,424
1251,193
1252,230
1253,193
1254,335
1255,376
1256,122
1257,261
1258,51
1259,344
1260,344
1261,280
1262,330
1263,376
1264,319
1265,120
1266,438
1267,122
1268,341
1269,58
1270,325
1271,609
1272,122
1273,19
1274,376
1275,328
1276,328
1277,71
1278,71
1279,10
1280,38
1290,358
1291,60
1292,78
1293,102
1294,77
1295,35
1296,97
1297,97
1298,97
1299,97
1300,183
1301,5
1302,337
1303,46
1304,59
1305,43
1306,35
1307,234
1308,42
1309,42
1310,325
1311,37
1312,37
1313,156
1314,38
1315,10
1316,354
1317,107
1318,107
1319,623
1320,173
1321,354
1322,107
1323,107
1324,107
1325,156
1326,106
1327,245
1328,367
1329,367
1330,336
1331,336
1332,336
1333,404
1335,100
1336,100
1337,100
1338,53
1339,53
1340,53
1341,53
1342,53
1343,367
1344,331
1345,25
1346,25
1347,286
1348,92
1349,92
1350,94
1351,94
1352,75
1353,5
1354,354
1355,181
1356,405
1357,5
1359,325
1360,609
1361,190
1362,14
1363,81
1364,68
1365,68
1366,327
1367,215
1368,101
1369,325
1370,142
1371,325
1372,325
1373,661
1374,68
1375,325
1377,77
1378,97
1379,112
1380,29
1381,29
1382,29
1383,29
1384,245
1385,245
1386,18
1387,19
1388,386
1389,386
1390,332
1391,434
1392,361
1393,329
1394,18
1395,385
1396,415
1397,335
1398,18
1399,341
1400,426
1401,390
1402,426
1403,442
1404,397
1405,442
1406,385
1407,538
1408,424
1409,385
1410,443
1411,84
1412,84
1413,390
1414,193
1415,193
1418,384
1419,387
1420,426
1421,330
1422,330
1423,193
1424,193
1425,443
1426,445
1427,390
1428,443
1429,354
1430,123
1431,407
1432,389
1433,389
1434,5
1435,407
1436,50
1437,100
1438,97
1439,399
1440,97
1441,319
1442,393
1443,86
1444,329
1445,384
1446,359
1447,325
1448,261
1449,360
1450,337
1451,435
1452,325
1453,609
1454,211
1455,329
1456,376
1457,54
1458,237
1459,27
1460,15
1461,560
1462,170
1463,59
1464,435
1465,215
1466,609
1467,51
1468,51
1469,387
1470,426
1471,8
1472,318
1473,53
1474,54
1475,186
1476,224
1477,384
1478,66
1479,434
1480,186
1481,368
1482,416
1483,319
1484,319
1485,362
1486,359
1487,179
1488,142
1489,29
1490,178
1491,282
1492,122
1493,361
1494,122
1495,71
1496,188
1497,33
1498,276
1499,115
1500,59
1502,333
1503,335
1504,122
1506,443
1507,341
1510,341
1511,382
1512,417
1513,642
1514,219
1515,331
1516,331
1517,58
1518,58
1519,58
1521,106
1522,29
1523,609
1524,406
1525,630
1527,15
1528,609
1529,325
1531,29
1532,245
1533,48
1534,96
1535,82
1536,368
1537,556
1538,50
1539,37
1540,245
1541,107
1542,336
1543,339
1544,98
1545,104
1546,161
1547,307
1548,343
1549,5
1550,25
1551,100
1552,100
1553,132
1554,403
1555,106
1556,236
1557,102
1558,245
1559,353
1560,309
1561,309
1562,417
1563,538
1564,133
1565,133
1566,609
1567,572
1568,219
1569,74
1570,170
1571,170
1572,170
1574,127
1575,630
1576,182
1577,245
1578,423
1579,116
1580,417
1581,509
1582,125
1583,143
1584,127
1585,367
1586,638
1587,633
1588,327
1589,435
1590,152
1591,511
1592,328
1593,48
1594,247
1595,51
1596,286
1597,37
1600,87
1601,149
1602,170
1603,58
1604,60
1605,103
1606,72
1607,433
1608,166
1609,80
1610,48
1611,26
1612,172
1613,76
1614,170
1615,556
1616,71
1617,509
1618,377
1619,170
1620,331
1622,159
1623,139
1624,341
1626,41
1627,126
1628,101
1629,112
1630,78
1631,245
1632,50
1633,107
1634,249
1635,66
1636,86
1637,345
1638,337
1639,153
1640,4
1641,27
1642,352
1643,187
1644,627
1645,104
1646,28
1647,408
1648,103
1649,284
1650,35
1651,392
1652,623
1653,333
1654,329
1655,230
1657,443
1658,1144
1659,418
1660,395
1661,51
1662,344
1663,307
1664,642
1665,642
1666,54
1667,54
1668,108
1669,184
1670,63
1671,98
1672,115
1673,394
1674,208
1675,223
1676,63
1677,344
1678,37
1679,20
1680,286
1681,29
1682,35
1683,242
1684,239
1685,60
1686,256
1687,236
1688,158
1689,354
1690,354
1691,354
1692,560
1693,51
1694,609
1695,101
1696,39
1697,392
1698,245
1699,97
1700,630
1701,54
1702,12
1703,75
1704,133
1705,353
1706,404
1707,63
1708,168
1709,403
1710,258
1711,195
1712,82
1713,308
1714,309
1715,98
1716,286
1717,286
1718,344
1719,7
1720,170
1721,338
1722,412
1723,96
1724,109
1725,41
1726,434
1727,352
1728,88
1729,88
1730,88
1731,139
1732,426
1733,1223
1734,98
1735,12
1736,286
1737,53
1738,176
1739,421
1740,386
1741,241
1742,51
1744,41
1745,325
1746,245
1747,332
1748,416
1749,97
1750,410
1751,409
1752,137
1753,245
1754,245
1755,384
1756,384
1757,329
1758,58
1759,206
1760,509
1761,29
1762,39
1763,39
1764,336
1765,335
1766,53
1767,440
1768,5
1769,139
1770,170
1771,51
1772,144
1773,354
1774,170
1775,12
1776,412
1777,96
1778,1156
1779,410
1780,406
1781,354
1782,71
1783,228
1784,368
1785,206
1786,50
1787,433
1788,126
1789,336
1790,1145
1791,438
1792,151
1793,25
1794,170
1795,192
1796,590
1797,421
1798,12
1799,421
1800,193
1801,12
1802,332
1803,120
1804,96
1805,206
1806,282
1807,51
1808,206
1809,105
1810,243
1811,368
1812,393
1813,266
1814,403
1815,386
1816,191
1817,277
1818,244
1819,163
1820,206
1821,59
1822,139
2000,408
2001,344
2002,39
2003,2003
2004,332
2005,422
2006,433
2007,329
2008,420
2009,443
2010,438
2011,438
2012,382
2013,378
2014,605
2015,20
2016,408
2017,394
2018,193
2019,376
2020,329
2021,211
2022,439
2023,27
2024,54
2025,72
2026,560
2027,58
2028,68
2029,412
2030,1156
2031,96
2032,328
2033,29
2034,74
2035,145
2036,176
2037,207
2038,332
2039,332
2040,399
2041,377
2042,259
2043,91
2044,1156
2045,19
2046,376
2047,282
2049,304
2050,56
2051,50
2052,225
2053,642
2054,50
2055,35
2056,37
2057,37
2058,407
2059,209
2060,243
2061,71
2062,2062
2063,353
2064,310
2065,110
2066,51
2067,344
2068,69
2069,82
2070,52
2071,359
2072,319
2073,116
2074,341
2075,443
2076,40
2077,98
2078,630
2079,329
2080,261
2081,322
2082,314
2083,633
2084,113
2085,403
2086,50
2087,170
2088,30
2089,59
2090,63
2091,63
2092,98
2093,131
2094,411
2095,76
2096,435
2097,182
2098,97
2099,29
2100,561
2101,2101
2102,346
2103,401
2104,337
2105,354
2106,386
2108,385
2109,45
2110,140
2111,218
2112,121
2113,423
2114,193
2115,170
2116,170
2117,331
2118,55
2119,358
2120,158
2121,630
2122,572
2123,359
2124,193
2126,445
2128,406
2129,103
2130,3
2131,623
2132,572
2133,572
2134,556
2135,509
2136,393
2137,392
2139,396
2140,1081
2141,307
2142,446
2143,216
2144,1
2145,324
2146,108
2147,174
2148,187
2149,641
2150,216
2151,2
2152,29
2153,97
2154,407
2155,401
2156,352
2157,310
2158,353
2159,111
2160,284
2161,622
2162,92
2163,103
2164,29
2165,344
2166,344
2167,45
2168,243
2169,87
2170,109
2171,509
2172,397
2173,616
2174,59
2175,264
2176,39
2177,228
2178,638
2179,352
2180,384
2181,111
2182,623
2183,563
2184,401
2185,274
2186,235
2187,379
2188,187
2189,641
2190,232
2191,155
2192,155
2193,63
2194,63
2195,10
2196,66
2197,35
2198,77
2199,156
2200,29
2201,556
2202,286
2203,21
2204,70
2205,59
2206,59
2207,179
2208,58
2209,64
2210,170
2211,213
2212,103
2213,615
2214,175
2215,358
2216,584
2217,411
2218,11
2219,642
2220,87
2221,12
2223,71
2224,266
2225,41
2226,144
2227,336
2228,135
2229,92
2230,105
2231,105
2232,282
2233,340
2234,415
2235,393
2236,44
2237,51
2238,429
2239,315
2240,22
2241,69
2242,609
2243,86
2244,318
2245,12
2246,183
2247,212
2248,415
2249,433
2250,268
2251,23
2252,174
2253,572
2254,93
3001,137
3002,245
3003,245
3004,245
3005,245
3006,245
3007,245
3008,410
3009,245
3010,245
3011,245
3012,245
3013,247
3014,245
3015,245
3016,245
3017,245
3018,245
3019,247
3020,410
3021,410
3022,247
3023,334
3024,101
3025,101
3026,101
3027,661
3028,101
3029,68
3030,68
3031,68
3032,83
3033,83
3034,325
3035,83
3036,83
3037,83
3038,325
3039,83
3040,83
3041,325
3042,83
3043,325
3044,83
3045,16
3046,71
3047,71
3048,71
3049,304
3050,343
3051,642
3052,642
3053,225
3054,64
3055,192
3056,192
3057,403
3058,247
3059,247
3060,247
3061,247
3062,245
3063,247
3064,247
3065,410
3066,410
3067,410
3068,247
3069,247
3070,247
3071,247
3073,247
3074,247
3075,247
3076,247
3077,410
3078,247
3079,247
3080,48
3081,48
3082,48
3083,48
3084,48
3085,48
3086,32
3087,32
3088,32
3089,32
3090,32
3091,32
3092,247
3093,334
3094,334
3095,334
3096,334
3097,334
3098,334
3099,334
3100,334
3101,334
3102,334
3103,334
3104,334
3105,334
3106,334
3107,149
3108,77
3109,134
3110,77
3111,77
3112,77
3113,77
3114,77
3115,106
3116,106
3117,106
3118,106
3119,106
3120,106
3121,106
3122,106
3123,429
3124,51
3125,51
3126,51
3127,429
3128,51
3129,51
3130,584
3131,584
3132,584
3133,584
3134,584
3135,412
3136,584
3137,584
3138,412
3139,412
3140,584
3141,412
3142,411
3143,584
3144,412
3145,412
3146,412
3147,584
3148,584
3149,584
3150,51
3151,344
3152,344
3153,162
3154,86
3155,86
3156,86
3157,86
3158,86
3159,86
3160,86
3161,86
3162,553
3163,553
3164,553
3165,553
3166,553
3167,553
3168,553
3169,86
3170,86
3171,86
3172,86
3173,553
3174,553
3175,553
3176,86
3177,26
3178,26
3179,26
3180,26
3181,26
3182,553
3183,26
3184,26
3185,26
3186,411
3187,411
3188,411
3189,412
3190,411
3191,411
3192,412
3193,411
3194,412
3195,411
3196,411
3197,411
3198,411
3199,411
3200,411
3201,411
3202,55
3203,23
3204,33
3205,33
3206,33
3207,33
3208,33
3209,110
3210,110
3211,110
3212,45
3213,57
3214,70
3215,340
3216,340
3217,386
3218,386
3219,442
3220,340
3221,419
3222,356
3223,433
3224,379
3225,379
3226,186
3227,186
3228,186
3229,433
3230,340
3231,3
3232,242
3233,563
3234,333
3235,121
3236,121
3237,77
3238,641
3239,90
3240,177
3241,418
3242,379
3243,379
3244,418
3245,356
3246,433
3247,356
3248,340
3249,419
3250,419
3251,339
3252,421
3253,538
3254,538
3255,538
3256,442
3257,442
3258,395
3259,75
3260,302
3261,302
3262,116
3263,104
3264,46
3265,92
3266,137
3267,137
3268,544
3269,544
3270,137
3271,323
3272,323
3273,637
3274,144
3275,404
3276,638
3277,331
3278,15
3279,1079
3280,58
3281,174
3282,174
3283,115
3284,115
3285,108
3286,8
3287,408
3288,137
3289,544
3290,337
3291,137
3292,137
3293,75
3294,137
3295,107
3296,104
3297,7
3298,7
3299,7
3300,13
3301,44
3302,340
3303,419
3304,386
3305,419
3306,419
3307,340
3308,340
3309,418
3310,418
3311,418
3312,418
3313,386
3314,386
3315,395
3316,433
3317,395
3318,433
3319,395
3320,395
3321,379
3322,433
3323,379
3324,433
3325,418
3326,395
3327,379
3328,433
3329,356
3330,356
3331,36
3332,167
3333,54
3334,60
3335,363
3336,237
3337,237
3338,48
3339,37
3340,37
3341,87
3342,336
3343,135
3344,633
3345,404
3346,336
3347,228
3348,336
3349,367
3350,633
3351,113
3352,113
3353,336
3354,2062
3355,154
3356,113
3357,696
3358,666
3359,1079
3360,1079
3361,622
3362,1079
3363,1099
3364,268
3365,331
3366,668
3367,284
3368,2
3369,560
3370,560
3371,284
3372,98
3373,604
3374,1
3375,238
3376,238
3377,638
3378,176
3379,266
3380,266
3381,266
3382,404
3383,404
3384,135
3385,283
3386,189
3387,189
3388,275
3389,275
3390,115
3391,108
3392,108
3393,40
3394,130
3395,160
3396,342
3397,63
3398,98
3399,173
3400,35
3401,35
3402,182
3403,112
3404,16
3405,22
3406,34
3407,34
3408,34
3409,38
3410,38
3411,50
3412,192
3413,232
3414,218
3415,446
3416,1081
3417,310
3418,642
3419,403
3420,111
3421,111
3422,561
3423,687
3424,121
3425,3
3426,3
3427,3
3428,563
3429,303
3430,180
3431,180
3432,209
3433,209
3434,243
3435,82
3436,213
3437,213
3438,306
3439,212
3440,212
3441,212
3442,215
3443,661
3444,66
3445,54
3446,363
3447,60
3448,60
3449,60
3450,60
3451,226
3452,104
3453,105
3454,94
3455,92
3456,181
3457,406
3458,107
3459,25
3460,116
3461,355
3462,355
3463,123
3464,92
3465,100
3466,100
3467,132
3468,132
3469,544
3470,188
3471,71
3472,71
3473,322
3474,322
3475,322
3476,305
3477,208
3478,89
3479,304
3480,352
3481,125
3482,125
3483,17
3484,17
3485,17
3486,248
3487,124
3488,39
3489,39
3490,39
3491,246
3492,246
3493,246
3494,52
3495,52
3496,267
3497,191
3498,277
3499,235
3500,141
3501,278
3502,9
3503,55
3504,49
3505,344
3506,11
3507,9
3508,45
3509,33
3510,65
3511,65
3512,65
3513,216
3514,220
3515,217
3516,281
3517,340
3518,37
3519,263
3520,263
3521,657
3522,178
3523,265
3524,145
3525,145
3526,264
3527,323
3528,266
3529,367
3530,336
3531,633
3532,336
3533,113
3534,228
3535,85
3536,194
3537,154
3538,283
3539,314
3540,1099
3541,331
3542,331
3543,15
3544,696
3545,284
3546,668
3547,174
3548,174
3549,318
3550,40
3551,150
3552,20
3553,315
3554,160
3555,63
3556,184
3557,184
3558,164
3559,324
3560,131
3561,285
3562,503
3563,241
3564,233
3565,24
3566,590
3567,590
3568,22
3569,69
3570,52
3571,52
3572,119
3573,119
3574,125
3575,157
3576,88
3577,88
3578,339
3579,235
3580,141
3581,343
3582,343
3583,4
3584,410
3585,236
3586,245
3587,236
3588,236
3589,236
3590,173
3591,182
3592,35
3593,511
3594,158
3595,158
3596,158
3597,156
3598,278
3599,133
3600,147
3601,147
3602,121
3603,333
3604,303
3605,180
3606,242
3607,242
3608,243
3609,82
3610,82
3611,163
3612,163
3613,214
3614,214
3615,183
3616,627
3617,183
3618,39
3619,277
3620,207
3621,80
3622,322
3623,220
3624,307
3625,1082
3626,218
3627,352
3628,195
3629,221
3630,281
3632,118
3633,72
3634,72
3635,226
3636,103
3637,227
3638,23
3639,23
3640,23
3641,49
3642,51
3643,95
3644,109
3645,109
3646,168
3647,37
3648,23
3649,23
3650,23
3651,23
3652,23
3653,23
3654,23
3655,23
3656,23
3657,23
3658,112
3659,112
3660,112
3661,112
3662,48
3663,48
3664,48
3665,48
3666,102
3667,102
3668,102
3669,137
3670,137
3671,137
3672,302
3673,302
3674,302
3675,302
3676,302
3677,407
3678,354
3679,389
3680,354
3681,389
3682,354
3683,354
3684,190
3685,190
3686,190
3687,190
3688,190
3689,68
3690,68
3691,68
3692,68
3693,68
3694,68
3695,68
3696,63
3697,71
3698,80
3699,89
3700,421
3701,71
3702,80
3703,71
3704,538
3705,418
3706,55
3707,55
3708,55
3709,55
3710,55
3711,55
3712,55
3713,55
3714,55
3715,55
3716,55
3717,55
3718,55
3719,74
3720,74
3721,74
3722,74
3723,74
3724,74
3725,74
3726,74
3727,116
3728,116
3729,116
3730,116
3731,355
3732,355
3733,75
3734,75
3735,75
3736,75
3737,16
3738,16
3739,16
3740,16
3741,16
3742,156
3743,156
3744,156
3745,156
3746,156
3747,56
3748,56
3749,56
3750,56
3751,56
3752,56
3753,56
3754,56
3755,56
3756,56
3757,56
3758,57
3759,57
3760,151
3761,151
3762,151
3763,151
3764,151
3765,151
3766,185
3767,185
3768,185
3769,185
3770,185
3771,132
3772,132
3773,132
3774,132
3775,544
3776,123
3777,123
3778,123
3779,123
3780,123
3781,123
3782,123
3783,10
3784,215
3785,215
3786,215
3787,81
3788,81
3789,81
3790,81
3791,69
3792,69
3793,69
3794,69
3795,69
3796,386
3797,37
3798,234
3799,42
3800,657
3801,43
3802,43
3803,178
3804,87
3805,87
3806,403
3807,343
3808,642
3809,352
3810,50
3811,50
3812,642
3813,642
3814,642
3815,343
3816,50
3817,224
3818,403
3819,50
3820,642
3821,50
3822,343
3823,403
3824,343
3825,343
3826,343
3827,85
3828,314
3829,314
3830,99
3831,1097
3832,176
3833,144
3834,283
3835,273
3836,363
3837,605
3838,410
3839,11
3840,11
3841,11
3842,70
3843,70
3844,70
3845,70
3846,11
3847,584
3848,120
3849,445
3850,509
3851,80
3852,84
3853,84
3854,84
3855,84
3856,89
3857,89
3858,89
3859,207
3860,89
3861,89
3862,188
3863,188
3864,188
3865,166
3866,166
3867,166
3868,62
3869,62
3870,67
3871,67
3872,67
3873,90
3874,49
3875,49
3876,49
3877,49
3878,49
3879,49
3880,49
3881,49
3882,148
3883,45
3884,45
3885,45
3886,45
3887,45
3888,45
3889,45
3890,35
3891,35
3892,35
3893,35
3894,35
3895,35
3896,35
3897,262
3898,14
3899,14
3900,14
3901,14
3902,14
3903,14
3904,37
3905,37
3906,37
3907,37
3908,37
3909,37
3910,37
3911,37
3912,37
3913,37
3914,37
3915,37
3916,37
3917,37
3918,37
3919,234
3920,234
3921,234
3922,234
3923,234
3924,234
3925,234
3926,234
3927,234
3928,265
3929,265
3930,265
3931,265
3932,265
3933,263
3934,263
3935,263
3936,42
3937,42
3938,42
3939,42
3940,42
3941,657
3942,657
3943,657
3944,42
3945,42
3946,42
3947,42
3948,657
3949,42
3950,43
3951,43
3952,43
3953,43
3954,43
3955,43
3956,43
3957,43
3958,43
3959,43
3960,43
3961,43
3962,178
3963,178
3964,178
3965,178
3966,265
3967,178
3968,178
3969,87
3970,87
3971,87
3972,87
3973,87
3974,87
3975,87
3976,87
3977,87
3978,87
3979,87
3980,87
3981,87
3982,145
3983,145
3984,145
3985,145
3986,145
3987,264
3988,264
3989,264
3990,264
3991,264
3992,264
3993,264
3994,264
3995,264
3996,408
3997,137
3998,401
3999,354
4001,401
4002,401
4003,401
4004,162
4005,162
4006,162
4007,162
4008,162
4009,162
4010,162
4011,162
4012,162
4013,162
4014,162
4015,162
4016,162
4017,162
4018,162
4019,162
4020,162
4021,162
4022,162
4023,162
4024,162
4025,162
4026,162
4027,162
4028,162
4029,162
4030,162
4031,162
4032,162
4033,162
4034,162
4035,105
4036,104
4037,104
4038,104
4039,104
4040,104
4041,104
4042,104
4043,104
4044,104
4045,104
4046,104
4047,104
4048,104
4049,104
4050,104
4051,104
4052,104
4053,104
4054,104
4055,104
4056,104
4057,104
4058,104
4059,104
4060,104
4061,104
4062,105
4063,105
4064,105
4065,105
4066,105
4067,105
4068,105
4069,105
4070,105
4071,105
4072,105
4073,105
4074,105
4075,105
4076,105
4077,105
4078,105
4079,105
4080,105
4081,105
4082,105
4083,162
4084,105
4085,105
4086,105
4087,181
4088,181
4089,181
4090,181
4091,181
4092,181
4093,181
4094,181
4095,181
4097,181
4098,181
4099,181
4100,181
4101,181
4102,302
4103,302
4104,302
4105,302
4106,302
4107,302
4108,302
4109,302
4110,302
4111,302
4112,302
4113,137
4114,137
4115,137
4116,137
4117,137
4118,408
4119,408
4120,137
4121,544
4122,137
4123,406
4124,406
4125,406
4126,406
4127,406
4128,107
4129,107
4130,107
4131,406
4132,406
4133,107
4134,107
4135,107
4136,406
4137,406
4138,107
4139,107
4140,406
4141,406
4142,406
4143,107
4144,107
4145,107
4146,107
4147,107
4148,406
4149,107
4150,107
4151,406
4152,406
4153,107
4154,406
4155,406
4156,25
4157,25
4158,25
4159,25
4160,25
4161,25
4162,25
4163,25
4164,25
4165,25
4166,25
4167,25
4168,25
4169,25
4170,25
4171,25
4172,25
4173,25
4174,25
4175,25
4176,25
4177,25
4178,25
4179,25
4180,25
4181,25
4182,25
4183,25
4184,25
4185,28
4186,28
4187,28
4188,28
4189,28
4190,28
4191,28
4192,28
4193,28
4194,28
4195,28
4196,28
4197,28
4198,28
4199,28
4200,28
4201,28
4202,28
4203,28
4204,28
4205,28
4206,28
4207,28
4208,28
4209,28
4210,28
4211,28
4212,28
4213,165
4214,165
4215,165
4216,165
4217,165
4218,165
4219,165
4220,165
4221,165
4222,165
4223,165
4224,165
4225,165
4226,165
4227,165
4228,165
4229,165
4230,165
4231,165
4232,165
4233,165
4234,165
4235,165
4236,165
4237,165
4238,165
4239,165
4240,165
4241,165
4242,116
4243,116
4244,116
4245,116
4246,116
4247,116
4248,116
4249,116
4250,116
4251,116
4252,116
4253,116
4254,116
4255,116
4256,116
4257,116
4258,116
4259,116
4260,116
4261,133
4262,133
4263,133
4264,133
4265,133
4266,133
4267,133
4268,133
4269,133
4270,133
4271,133
4272,133
4273,133
4274,133
4275,133
4276,133
4277,133
4278,133
4279,133
4280,133
4281,133
4282,133
4283,133
4284,133
4285,133
4286,133
4287,544
4288,544
4289,132
4290,132
4291,132
4292,132
4293,46
4294,46
4295,46
4296,46
4297,46
4298,46
4299,46
4300,46
4301,46
4302,46
4303,46
4304,46
4305,46
4306,46
4307,46
4308,46
4309,46
4310,46
4311,46
4312,46
4313,46
4314,46
4315,46
4316,46
4317,46
4318,46
4319,46
4320,46
4321,46
4322,46
4323,46
4324,46
4325,46
4326,354
4327,407
4328,408
4329,355
4330,355
4331,355
4332,355
4333,355
4334,355
4335,355
4336,355
4337,355
4338,355
4339,355
4340,355
4341,355
4342,355
4343,355
4344,355
4345,355
4346,355
4347,355
4348,75
4349,75
4350,75
4351,75
4352,75
4353,75
4354,75
4355,75
4356,75
4357,75
4358,75
4359,161
4360,161
4361,161
4362,161
4363,161
4364,161
4365,161
4366,161
4367,161
4368,161
4369,161
4370,161
4371,161
4372,161
4373,161
4374,161
4375,161
4376,161
4377,161
4378,161
4379,161
4380,161
4381,161
4382,161
4383,123
4384,123
4385,123
4386,123
4387,123
4388,123
4389,123
4390,123
4391,123
4392,123
4393,123
4394,123
4395,123
4396,123
4397,123
4398,123
4399,92
4400,92
4401,92
4402,92
4403,92
4404,92
4405,92
4406,92
4407,92
4408,92
4409,92
4410,92
4411,92
4412,92
4413,92
4414,92
4415,92
4416,92
4417,94
4418,94
4419,94
4420,94
4421,94
4422,94
4423,94
4424,94
4425,94
4426,94
4427,94
4428,94
4429,94
4430,94
4431,94
4432,94
4433,94
4434,94
4435,94
4436,132
4437,94
4438,94
4439,94
4440,94
4441,94
4442,100
4443,100
4444,100
4445,100
4446,100
4447,100
4448,100
4449,100
4450,100
4451,100
4452,100
4453,100
4454,100
4455,100
4456,100
4457,100
4458,100
4459,100
4460,100
4461,100
4462,100
4463,100
4464,100
4465,100
4466,100
4467,100
4468,100
4469,100
4470,147
4471,147
4472,147
4473,147
4474,147
4475,147
4476,147
4477,121
4478,121
4479,121
4480,121
4481,121
4482,121
4483,121
4484,121
4485,3
4486,3
4487,3
4488,3
4489,3
4490,3
4491,3
4492,3
4493,3
4494,143
4495,143
4496,143
4497,143
4498,143
4499,143
4500,143
4501,126
4502,126
4503,126
4504,126
4505,563
4506,333
4507,333
4508,333
4509,563
4510,303
4511,31
4512,31
4513,31
4514,31
4515,31
4516,31
4517,31
4518,31
4519,127
4520,127
4521,127
4522,127
4523,180
4524,180
4525,180
4526,244
4527,244
4528,244
4529,244
4530,244
4531,244
4532,244
4533,242
4534,242
4535,242
4536,242
4537,242
4538,209
4539,209
4540,243
4541,243
4542,243
4543,243
4544,243
4545,282
4546,282
4547,282
4548,282
4549,282
4550,282
4551,282
4552,282
4553,239
4554,239
4555,239
4556,239
4557,239
4558,239
4559,210
4560,210
4561,210
4562,210
4563,210
4564,82
4565,82
4566,82
4567,82
4568,82
4569,82
4570,82
4571,82
4572,82
4573,82
4574,163
4575,163
4576,163
4577,163
4578,214
4579,214
4580,214
4581,214
4582,214
4583,214
4584,214
4585,213
4586,213
4587,213
4588,306
4589,306
4590,249
4591,249
4592,249
4593,249
4594,249
4595,249
4596,183
4597,627
4598,183
4599,212
4600,212
4601,212
4602,333
4603,212
4604,212
4605,212
4606,241
4607,241
4608,241
4609,241
4610,241
4611,241
4612,241
4613,241
4614,241
4615,267
4616,267
4617,267
4618,274
4619,274
4620,274
4621,274
4622,274
4623,274
4624,274
4625,274
4626,233
4627,233
4628,233
4629,572
4630,572
4631,17
4632,572
4633,572
4634,572
4635,572
4636,17
4637,572
4638,572
4639,572
4640,17
4641,556
4642,572
4643,17
4644,272
4645,272
4646,272
4647,272
4648,24
4649,24
4650,24
4651,24
4652,24
4653,248
4654,248
4655,590
4656,248
4657,590
4658,590
4659,248
4660,248
4661,278
4662,278
4663,276
4664,276
4665,276
4666,276
4667,276
4668,276
4669,39
4670,39
4671,39
4672,39
4673,39
4674,39
4675,39
4676,39
4677,39
4678,246
4679,246
4680,246
4681,246
4682,246
4683,52
4684,52
4685,52
4686,52
4687,52
4688,52
4689,52
4690,52
4691,52
4692,52
4693,119
4694,119
4695,125
4696,125
4697,125
4698,125
4699,125
4700,125
4701,191
4702,191
4703,191
4704,191
4705,191
4706,191
4707,191
4708,191
4709,191
4710,79
4711,79
4712,79
4713,79
4714,79
4715,79
4716,17
4717,572
4718,17
4719,556
4720,17
4721,17
4722,556
4723,17
4724,273
4725,273
4726,273
4727,273
4728,273
4729,273
4730,273
4731,277
4732,277
4733,277
4734,157
4735,157
4736,157
4737,157
4738,157
4739,157
4740,157
4741,157
4742,157
4743,157
4744,114
4745,114
4746,114
4747,114
4748,114
4749,114
4750,114
4751,114
4752,114
4753,88
4754,88
4755,88
4756,88
4757,88
4758,88
4759,88
4760,88
4761,88
4762,88
4763,88
4764,93
4765,93
4766,93
4767,93
4768,93
4769,93
4770,93
4771,93
4772,93
4773,93
4774,124
4775,124
4776,124
4777,124
4778,124
4779,124
4780,124
4781,124
4782,124
4783,124
4784,124
4785,124
4786,124
4787,235
4788,141
4789,141
4790,141
4791,139
4792,442
4793,116
4794,139
4795,421
4796,12
4797,12
4798,12
4799,12
4800,12
4801,421
4803,188
4804,538
4805,208
4806,208
4807,208
4808,208
4809,208
4810,208
4811,208
4812,208
4813,208
4815,166
4816,166
4817,166
4818,207
4819,207
4820,207
4821,207
4822,207
4823,207
4824,62
4825,62
4826,62
4827,62
4828,305
4829,305
4830,305
4831,305
4832,80
4833,80
4834,80
4835,80
4836,80
4837,322
4838,322
4839,322
4840,322
4841,322
4842,322
4843,84
4844,84
4845,84
4846,84
4847,84
4848,84
4849,84
4851,89
4852,89
4853,89
4854,89
4855,304
4856,304
4857,304
4858,445
4859,382
4860,509
4861,445
4862,445
4863,120
4864,1
4865,1
4866,1
4867,1
4868,1
4869,1
4870,1
4871,1
4872,1
4873,260
4874,240
4875,240
4876,240
4877,240
4878,222
4879,222
4880,222
4881,222
4882,222
4883,222
4884,326
4885,326
4886,326
4887,326
4888,326
4889,326
4890,257
4891,257
4892,257
4893,308
4894,1081
4895,687
4896,561
4897,308
4898,253
4899,253
4900,253
4901,253
4902,253
4903,253
4904,253
4905,253
4906,253
4907,220
4908,220
4909,220
4910,220
4911,446
4912,1082
4913,307
4914,307
4915,307
4916,1082
4917,446
4918,446
4919,307
4920,446
4921,252
4922,252
4923,252
4924,252
4925,252
4926,252
4927,192
4928,192
4929,192
4930,192
4931,192
4932,216
4933,216
4934,216
4935,216
4936,216
4937,216
4938,216
4939,47
4940,47
4941,232
4942,232
4943,232
4944,232
4945,232
4946,232
4947,232
4948,232
4949,232
4950,232
4951,232
4952,218
4953,218
4954,218
4955,218
4956,218
4957,353
4958,353
4959,353
4960,1080
4961,1080
4962,353
4963,353
4964,224
4965,224
4966,224
4967,224
4968,224
4969,224
4970,224
4971,260
4972,260
4973,260
4974,260
4975,260
4976,260
4977,352
4978,352
4979,352
4980,352
4981,352
4982,352
4983,352
4984,352
4985,642
4986,343
4987,403
4988,50
4989,50
4990,187
4991,187
4992,187
4993,641
4994,187
4995,187
4996,641
4997,641
4998,187
4999,187
5002,187
5003,641
5004,641
5005,187
5006,641
5007,641
5008,641
5009,223
5010,223
5011,223
5012,223
5013,223
5014,223
5015,223
5016,223
5017,64
5018,64
5019,219
5020,219
5021,219
5022,219
5023,219
5024,219
5025,219
5026,219
5027,219
5028,219
5029,219
5030,219
5031,259
5032,259
5033,259
5034,259
5035,259
5036,259
5037,259
5038,259
5039,47
5040,217
5041,217
5042,217
5043,217
5044,195
5045,195
5046,195
5047,195
5048,195
5049,195
5050,195
5051,195
5052,195
5053,195
5054,309
5055,309
5056,221
5057,221
5058,221
5059,221
5060,221
5061,221
5062,221
5063,221
5064,221
5065,221
5066,221
5067,221
5068,258
5069,258
5070,258
5071,258
5072,258
5073,258
5074,258
5075,310
5076,310
5077,310
5078,225
5079,225
5080,225
5081,225
5082,225
5083,225
5084,225
5085,225
5086,225
5087,250
5088,250
5089,250
5090,250
5091,250
5092,281
5093,643
5094,643
5095,311
5096,311
5097,111
5098,111
5099,111
5100,111
5101,111
5102,111
5103,111
5104,111
5105,111
5106,111
5107,111
5108,118
5109,118
5110,118
5111,118
5112,118
5113,118
5114,118
5115,118
5116,118
5117,168
5118,168
5119,168
5121,168
5122,168
5123,168
5124,168
5125,27
5126,27
5127,27
5128,27
5129,27
5130,27
5131,27
5132,27
5133,27
5134,36
5135,36
5136,36
5137,36
5138,36
5139,36
5140,36
5141,36
5142,36
5143,36
5144,36
5145,36
5146,36
5147,36
5148,279
5149,279
5150,279
5151,279
5152,279
5153,279
5154,279
5155,279
5156,279
5157,279
5158,279
5159,279
5160,167
5161,167
5162,167
5163,167
5164,167
5165,167
5166,167
5167,54
5168,54
5169,54
5170,54
5171,54
5172,54
5173,54
5174,54
5175,54
5176,54
5177,54
5178,54
5179,54
5180,60
5181,60
5182,60
5183,60
5184,60
5185,60
5186,60
5187,60
5188,60
5189,60
5190,60
5191,60
5192,60
5193,60
5194,363
5195,363
5196,363
5197,363
5198,363
5199,363
5200,72
5201,72
5202,72
5203,72
5204,72
5205,72
5206,72
5207,60
5208,72
5209,72
5210,72
5211,72
5212,280
5213,280
5214,280
5215,226
5216,226
5217,226
5218,226
5219,103
5220,103
5221,103
5222,103
5223,103
5224,103
5225,103
5226,227
5227,227
5228,227
5229,227
5230,227
5231,227
5232,227
5233,227
5234,237
5235,237
5236,237
5237,237
5238,237
5239,237
5240,237
5241,237
5242,237
5243,237
5244,237
5245,237
5246,237
5247,314
5248,314
5249,314
5250,314
5251,314
5252,314
5253,638
5254,638
5255,238
5256,238
5257,638
5258,238
5259,238
5260,238
5261,638
5262,238
5263,638
5264,238
5265,638
5266,176
5267,176
5268,144
5269,144
5270,144
5271,144
5272,144
5273,144
5274,144
5275,144
5276,144
5277,144
5278,144
5279,144
5280,323
5281,323
5282,323
5283,323
5284,323
5285,323
5286,323
5287,323
5288,266
5289,266
5290,266
5291,266
5292,266
5293,266
5294,266
5295,367
5296,367
5297,633
5298,404
5299,367
5300,633
5301,336
5302,404
5303,238
5304,238
5305,633
5306,336
5307,367
5308,336
5309,404
5310,336
5311,336
5312,404
5313,633
5314,367
5315,633
5316,336
5317,367
5318,633
5319,633
5320,336
5321,336
5322,336
5323,367
5324,367
5325,404
5326,336
5327,367
5328,336
5329,367
5330,135
5331,1097
5332,1097
5333,135
5334,135
5335,637
5336,637
5337,637
5338,135
5339,135
5340,637
5341,113
5342,113
5343,113
5344,113
5345,113
5346,113
5347,113
5348,113
5349,113
5350,113
5351,113
5352,113
5353,113
5354,113
5355,228
5356,228
5357,228
5358,228
5359,228
5360,2062
5361,2062
5362,228
5363,2062
5364,228
5365,2062
5366,228
5367,2062
5368,85
5369,85
5370,85
5371,85
5372,85
5373,85
5374,85
5375,194
5376,194
5377,194
5378,194
5379,194
5380,154
5381,154
5382,154
5384,154
5385,154
5386,154
5387,99
5388,99
5389,99
5390,99
5391,99
5392,99
5393,99
5394,99
5395,283
5396,283
5397,283
5398,283
5399,283
5400,283
5401,283
5402,283
5403,283
5404,2
5405,2
5406,2
5407,2
5408,268
5409,268
5410,268
5411,1099
5412,696
5413,268
5414,1099
5415,169
5416,169
5417,169
5418,169
5419,169
5420,169
5421,169
5422,169
5423,169
5424,189
5425,189
5426,189
5427,15
5428,15
5429,15
5430,15
5431,15
5432,15
5433,15
5434,15
5435,15
5436,15
5437,15
5438,159
5439,159
5440,560
5441,560
5442,159
5443,560
5444,159
5445,615
5446,269
5447,615
5448,269
5449,615
5450,269
5451,269
5452,615
5453,615
5454,615
5455,269
5456,269
5457,269
5458,615
5459,231
5460,231
5461,231
5462,231
5463,231
5464,58
5465,58
5466,58
5467,58
5468,58
5469,58
5470,58
5471,58
5472,58
5473,58
5474,58
5475,58
5476,58
5477,58
5478,270
5479,270
5480,270
5481,270
5482,270
5483,270
5484,270
5485,270
5486,270
5487,321
5488,321
5489,321
5490,321
5491,321
5492,321
5493,231
5494,58
5495,321
5496,321
5497,321
5498,256
5499,256
5500,256
5501,256
5502,256
5503,256
5504,256
5505,256
5506,256
5507,256
5508,1079
5509,666
5510,1079
5511,1079
5512,1079
5513,331
5514,331
5515,331
5516,331
5517,331
5518,668
5519,284
5520,668
5521,668
5522,668
5523,622
5524,622
5525,171
5526,171
5527,171
5528,616
5529,271
5530,616
5531,616
5532,271
5533,271
5534,271
5535,271
5536,616
5537,616
5538,616
5539,169
5540,271
5541,271
5542,91
5543,91
5544,91
5545,91
5546,91
5547,91
5548,91
5549,91
5550,91
5551,91
5552,91
5553,91
5554,117
5555,117
5556,117
5557,117
5558,117
5559,117
5560,117
5561,117
5562,117
5563,117
5564,117
5565,174
5566,174
5567,174
5568,174
5569,174
5570,174
5571,175
5572,175
5573,175
5574,175
5575,175
5576,175
5577,175
5578,175
5579,318
5580,318
5581,318
5582,318
5583,318
5584,318
5585,318
5586,318
5587,318
5588,318
5589,357
5590,357
5591,357
5592,357
5593,357
5594,357
5595,357
5596,357
5597,357
5598,357
5599,357
5600,357
5601,357
5602,275
5603,275
5604,604
5605,8
5606,8
5607,8
5608,8
5609,8
5610,8
5611,8
5612,8
5613,8
5614,8
5615,115
5616,115
5617,115
5618,115
5619,115
5620,115
5621,115
5622,108
5623,108
5624,108
5625,108
5626,108
5627,108
5628,20
5629,20
5630,20
5631,20
5632,20
5633,20
5634,20
5635,20
5636,30
5637,30
5638,30
5639,30
5640,30
5641,30
5642,30
5643,30
5644,30
5645,30
5646,30
5647,30
5648,30
5649,155
5650,155
5651,155
5652,155
5653,155
5654,155
5655,155
5656,603
5657,155
5658,155
5659,603
5660,603
5661,155
5662,605
5663,603
5664,155
5665,605
5666,179
5667,179
5668,179
5669,179
5670,179
5671,179
5672,40
5673,40
5674,40
5675,40
5676,129
5677,129
5678,129
5679,129
5680,129
5681,129
5682,129
5683,129
5684,150
5685,150
5686,150
5687,150
5688,150
5689,150
5690,150
5691,150
5692,150
5693,150
5694,150
5695,150
5696,150
5697,130
5698,130
5699,130
5700,130
5701,130
5702,130
5703,130
5704,130
5705,130
5706,130
5707,130
5708,130
5709,130
5710,130
5711,130
5712,130
5713,315
5714,20
5715,315
5716,315
5717,315
5718,20
5719,315
5720,315
5721,20
5722,20
5723,160
5724,160
5725,160
5726,128
5727,128
5728,128
5729,128
5730,128
5731,128
5732,128
5733,138
5734,138
5735,138
5736,138
5737,138
5738,138
5739,342
5740,59
5741,342
5742,59
5743,59
5744,342
5745,342
5746,342
5747,59
5748,59
5749,59
5750,59
5751,342
5752,342
5753,342
5754,342
5755,59
5756,342
5757,342
5758,59
5759,59
5760,59
5761,342
5762,59
5763,342
5764,63
5765,63
5766,63
5767,63
5768,184
5769,184
5770,184
5771,358
5772,358
5773,358
5774,358
5775,358
5776,358
5777,358
5778,358
5779,358
5780,358
5781,358
5782,164
5783,164
5784,164
5785,164
5786,164
5787,164
5788,164
5789,324
5790,324
5791,324
5792,324
5793,324
5794,98
5795,285
5796,98
5797,285
5798,285
5799,98
5800,98
5801,98
5802,98
5803,131
5804,131
5805,131
5806,131
5807,285
5808,285
5809,285
5810,503
5811,285
5812,503
5813,285
5814,503
5815,503
5816,285
5817,156
5818,156
5819,156
5820,156
5821,156
5822,156
5823,156
5824,156
5825,156
5826,156
5827,156
5828,156
5829,10
5830,10
5831,10
5832,10
5833,10
5834,10
5835,10
5836,10
5837,10
5838,10
5839,10
5840,10
5841,10
5842,10
5843,215
5844,10
5845,14
5846,14
5847,14
5848,14
5849,14
5850,14
5851,14
5852,14
5853,14
5854,14
5855,14
5856,14
5857,14
5858,14
5859,14
5860,14
5861,14
5862,14
5863,14
5864,14
5865,14
5866,14
5867,14
5868,14
5869,190
5870,190
5871,190
5872,190
5873,190
5874,190
5875,190
5876,215
5877,215
5878,215
5879,215
5880,215
5881,16
5882,16
5883,16
5884,16
5885,16
5886,16
5887,22
5888,22
5889,22
5890,22
5891,22
5892,22
5893,22
5894,22
5895,22
5896,22
5897,22
5898,22
5899,22
5900,22
5901,22
5902,34
5903,34
5904,34
5905,34
5906,34
5907,34
5908,34
5909,34
5910,34
5911,34
5912,34
5913,34
5914,34
5915,34
5916,34
5917,34
5918,34
5919,34
5920,34
5921,38
5922,38
5923,38
5924,38
5925,38
5926,38
5927,38
5928,38
5929,38
5930,38
5931,38
5932,66
5933,66
5934,66
5935,66
5936,66
5937,66
5938,66
5939,66
5940,66
5941,66
5942,66
5943,66
5944,66
5945,66
5946,66
5947,66
5948,66
5949,66
5950,66
5951,66
5952,66
5953,66
5954,66
5955,66
5956,66
5957,66
5958,66
5959,66
5960,66
5961,66
5962,66
5963,66
5964,68
5965,68
5966,68
5967,68
5968,68
5969,68
5970,68
5971,68
5972,68
5973,68
5974,69
5975,69
5976,69
5977,69
5978,69
5979,69
5980,69
5981,69
5982,69
5983,69
5984,69
5985,69
5986,69
5987,69
5988,69
5989,69
5990,69
5991,69
5992,69
5993,76
5994,76
5995,76
5996,76
5997,76
5998,76
5999,76
6000,76
6001,76
6002,76
6003,76
6004,76
6005,76
6006,76
6007,76
6008,76
6009,76
6010,76
6011,76
6012,76
6013,76
6014,76
6015,76
6016,76
6017,76
6018,76
6019,76
6020,76
6021,76
6022,76
6023,76
6024,76
6025,142
6026,142
6027,142
6028,142
6029,142
6030,142
6031,142
6032,142
6033,142
6034,142
6035,142
6036,142
6037,142
6038,81
6039,81
6040,81
6041,81
6042,81
6043,81
6044,81
6045,81
6046,81
6047,81
6048,81
6049,325
6050,325
6051,83
6052,83
6053,325
6054,83
6055,325
6056,325
6057,83
6058,83
6059,101
6060,101
6061,101
6062,661
6063,661
6064,661
6065,101
6066,661
6067,101
6068,101
6069,101
6070,101
6071,661
6072,101
6073,101
6074,101
6075,661
6076,101
6077,661
6078,101
6079,661
6080,661
6081,661
6082,101
6083,661
6084,661
6085,101
6086,327
6087,327
6088,327
6089,327
6090,327
6091,327
6092,327
6093,327
6094,327
6095,327
6096,327
6097,327
6098,327
6099,327
6100,327
6101,327
6102,6
6103,6
6104,6
6105,6
6106,6
6107,6
6108,6
6109,7
6110,7
6111,7
6112,7
6113,7
6114,7
6115,7
6116,7
6117,7
6118,7
6119,7
6120,7
6121,7
6122,7
6123,7
6124,7
6125,7
6126,7
6127,7
6128,7
6129,7
6130,7
6131,7
6132,7
6133,7
6134,7
6135,7
6136,7
6137,7
6138,7
6139,7
6140,7
6141,7
6142,7
6143,7
6145,7
6146,9
6147,9
6148,9
6149,9
6150,9
6151,9
6152,9
6153,9
6154,9
6155,9
6156,9
6157,9
6158,9
6159,9
6160,9
6161,9
6162,9
6163,9
6164,9
6165,9
6166,9
6167,9
6168,9
6169,9
6170,9
6171,9
6172,9
6173,9
6174,9
6175,9
6176,9
6177,11
6178,11
6179,11
6180,11
6181,11
6182,11
6183,11
6184,11
6185,11
6186,11
6187,11
6188,11
6189,11
6190,11
6191,11
6192,11
6193,13
6194,13
6195,13
6196,13
6197,13
6198,13
6199,13
6200,13
6201,13
6202,13
6203,13
6204,13
6205,26
6206,26
6207,26
6208,26
6209,26
6210,26
6211,553
6212,21
6213,21
6214,21
6215,21
6216,21
6217,21
6218,21
6219,21
6220,21
6221,21
6222,21
6223,21
6224,21
6225,21
6226,21
6227,21
6228,21
6229,21
6230,21
6231,21
6232,21
6233,21
6234,21
6235,21
6236,21
6237,21
6238,21
6239,21
6240,23
6241,23
6242,23
6243,23
6244,23
6245,23
6246,23
6247,23
6248,23
6249,23
6250,23
6251,23
6252,33
6253,33
6254,33
6255,33
6256,33
6257,33
6258,33
6259,33
6260,33
6261,33
6262,33
6263,33
6264,33
6265,33
6266,33
6267,33
6268,33
6269,33
6270,33
6271,33
6272,33
6273,33
6274,33
6275,33
6276,33
6277,33
6278,33
6279,33
6280,33
6281,33
6282,33
6283,33
6284,33
6285,33
6286,41
6287,41
6288,41
6289,41
6290,41
6291,41
6292,41
6293,41
6294,41
6295,41
6296,41
6297,41
6298,41
6299,41
6300,41
6301,41
6302,41
6303,41
6304,41
6305,41
6306,41
6307,41
6308,41
6309,41
6310,41
6311,41
6312,41
6313,41
6314,41
6315,41
6316,41
6317,41
6318,44
6319,44
6320,44
6321,44
6322,44
6323,44
6324,44
6325,44
6326,44
6327,44
6328,44
6329,44
6330,44
6331,44
6332,44
6333,44
6334,44
6335,44
6336,44
6337,44
6338,44
6339,45
6340,45
6341,45
6342,45
6343,45
6344,45
6345,45
6346,45
6347,45
6348,45
6349,45
6350,45
6351,45
6352,45
6353,45
6354,45
6355,49
6356,49
6357,49
6358,49
6359,49
6360,49
6361,49
6362,49
6363,49
6364,49
6365,49
6366,49
6367,49
6368,429
6369,429
6370,429
6371,429
6372,51
6373,51
6374,51
6375,429
6376,429
6377,51
6378,429
6379,51
6380,51
6381,51
6382,429
6383,51
6384,51
6385,51
6386,344
6387,344
6388,344
6389,344
6390,51
6391,344
6392,344
6393,344
6394,344
6395,344
6396,344
6397,344
6398,344
6399,344
6400,344
6401,51
6402,344
6403,344
6404,344
6405,55
6406,55
6407,55
6408,55
6409,55
6410,55
6411,56
6412,56
6413,56
6414,56
6415,56
6416,56
6417,56
6418,56
6419,56
6420,56
6421,56
6422,56
6423,56
6424,56
6425,56
6426,56
6427,56
6428,56
6429,57
6430,57
6431,57
6432,57
6433,57
6434,57
6435,57
6436,57
6437,57
6438,57
6439,57
6440,57
6441,57
6442,57
6443,57
6444,57
6445,57
6446,57
6447,57
6448,57
6449,57
6450,67
6451,67
6452,67
6453,67
6454,67
6455,67
6456,67
6457,67
6458,67
6459,67
6460,67
6461,67
6462,67
6463,67
6464,61
6465,61
6466,61
6467,61
6468,61
6469,61
6470,61
6471,65
6472,65
6473,65
6474,65
6475,65
6476,65
6477,65
6478,65
6479,65
6480,65
6481,65
6482,65
6483,65
6484,65
6485,65
6486,65
6487,65
6488,65
6489,65
6490,70
6491,70
6492,70
6493,70
6494,70
6495,70
6496,70
6497,70
6498,70
6499,70
6500,70
6501,70
6502,70
6503,70
6504,70
6505,70
6506,73
6507,73
6508,73
6509,73
6510,73
6511,73
6512,73
6513,73
6514,73
6515,73
6516,73
6517,73
6518,73
6519,73
6520,73
6521,73
6522,73
6523,73
6524,73
6525,148
6526,148
6527,86
6528,86
6529,90
6530,90
6531,90
6532,90
6533,90
6534,90
6535,90
6536,90
6537,90
6538,90
6539,90
6540,90
6541,95
6542,95
6543,95
6544,95
6545,95
6546,95
6547,95
6548,95
6549,411
6550,177
6551,177
6552,177
6553,177
6554,177
6555,177
6556,177
6557,177
6558,177
6559,177
6560,177
6561,177
6562,109
6563,109
6564,109
6565,109
6566,109
6567,109
6568,109
6569,109
6570,109
6571,109
6572,109
6573,109
6574,109
6575,109
6576,109
6577,109
6578,109
6579,109
6580,109
6581,110
6582,110
6583,110
6584,110
6585,110
6586,110
6587,110
6588,110
6589,110
6590,110
6591,110
6592,110
6593,110
6594,110
6595,110
6596,110
6597,110
6598,110
6599,151
6600,151
6601,151
6602,151
6603,151
6604,151
6605,151
6606,151
6607,151
6608,4
6609,4
6610,4
6611,4
6612,4
6613,4
6614,4
6615,4
6616,4
6617,4
6618,4
6619,4
6620,4
6621,4
6622,4
6623,4
6624,4
6625,4
6626,4
6627,4
6628,4
6629,4
6630,236
6631,236
6632,410
6633,236
6634,236
6635,236
6636,236
6637,236
6638,236
6639,236
6640,236
6641,236
6642,236
6643,236
6644,236
6645,236
6646,173
6647,173
6648,173
6649,173
6650,173
6651,173
6652,182
6653,173
6654,173
6655,182
6656,173
6657,173
6658,173
6659,173
6660,173
6661,173
6662,173
6663,173
6664,173
6665,173
6666,173
6667,173
6668,173
6669,106
6670,106
6671,106
6672,106
6673,106
6674,106
6675,106
6676,106
6677,106
6678,106
6679,106
6680,106
6681,106
6682,106
6683,134
6684,134
6685,134
6686,134
6687,134
6688,134
6689,134
6690,134
6691,134
6692,134
6693,134
6694,134
6695,134
6696,134
6697,149
6698,149
6699,149
6700,149
6701,149
6702,149
6703,149
6704,149
6705,149
6706,149
6707,149
6708,149
6709,149
6710,149
6711,149
6712,149
6713,149
6714,149
6715,149
6716,149
6717,149
6718,149
6719,32
6720,32
6721,32
6722,32
6723,32
6724,32
6725,32
6726,32
6727,32
6728,32
6729,32
6730,32
6731,35
6732,35
6733,182
6734,35
6735,35
6736,35
6737,35
6738,35
6739,35
6740,35
6741,35
6742,35
6743,35
6744,35
6745,35
6746,35
6747,182
6748,182
6749,35
6750,35
6751,35
6752,35
6753,35
6754,35
6755,136
6756,136
6757,136
6758,136
6759,136
6760,136
6761,136
6762,136
6763,136
6764,136
6765,136
6766,136
6767,48
6768,48
6769,48
6770,48
6771,48
6772,48
6773,48
6774,48
6775,48
6776,48
6777,185
6778,185
6779,185
6780,185
6781,185
6782,185
6783,185
6784,185
6785,185
6786,185
6787,185
6788,185
6789,185
6790,185
6791,185
6792,251
6793,251
6794,251
6795,251
6796,251
6797,251
6798,251
6799,251
6800,251
6801,251
6802,251
6803,251
6804,262
6805,262
6806,262
6807,262
6808,262
6809,262
6810,74
6811,74
6812,74
6813,74
6814,74
6815,74
6816,74
6817,74
6818,74
6819,74
6820,74
6821,74
6822,77
6823,77
6824,77
6825,77
6826,77
6827,134
6828,134
6829,77
6830,77
6831,77
6832,134
6833,77
6834,77
6835,77
6836,77
6837,77
6838,77
6839,77
6840,78
6841,78
6842,78
6843,78
6844,78
6845,78
6846,78
6847,78
6848,78
6849,78
6850,78
6851,78
6852,78
6853,78
6854,78
6855,78
6856,78
6857,78
6858,247
6859,334
6860,334
6861,140
6862,140
6863,140
6864,140
6865,140
6866,140
6867,140
6868,140
6869,140
6870,140
6871,140
6872,140
6873,140
6874,140
6875,140
6876,140
6877,140
6878,140
6879,140
6880,140
6881,140
6882,140
6883,140
6884,140
6885,140
6886,140
6887,140
6888,140
6889,140
6890,140
6891,140
6892,182
6893,511
6894,182
6895,511
6896,182
6897,511
6898,511
6899,511
6900,182
6901,149
6902,182
6903,182
6904,511
6905,511
6906,511
6907,511
6908,511
6909,511
6910,511
6911,511
6912,149
6913,511
6914,511
6915,102
6916,102
6917,102
6918,102
6919,102
6920,262
6921,102
6922,262
6923,152
6924,152
6925,152
6926,152
6927,152
6928,152
6929,152
6930,152
6931,152
6932,152
6933,152
6934,152
6935,152
6936,152
6937,152
6938,152
6939,152
6940,152
6941,152
6942,152
6943,152
6944,158
6945,158
6946,158
6947,158
6948,158
6949,158
6950,158
6951,158
6952,158
6953,158
6954,158
6955,158
6956,158
6957,158
6958,158
6959,158
6960,158
6961,158
6962,158
6963,158
6964,158
6965,158
6966,158
6967,158
6968,158
6969,158
6970,158
6971,153
6972,153
6973,153
6974,153
6975,153
6976,153
6977,153
6978,153
6979,153
6980,153
6981,153
6982,153
6983,153
6984,153
6985,153
6986,153
6987,153
6988,153
6989,112
6990,112
6991,112
6992,112
6993,112
6994,112
6995,112
6996,112
6997,112
6998,112
6999,112
7000,245
7001,410
7002,412
7003,412
7004,553
7005,26
7006,389
7007,668
7008,175
7009,175
7010,696
7011,268
7012,284
7013,666
7014,622
7015,212
7016,50
7017,59
7018,367
7019,337
7020,337
7021,544
7022,401
7023,132
7024,92
7025,36
7026,226
7027,167
7028,280
7029,421
7030,657
7031,657
7032,265
7033,1097
7034,144
7035,154
7036,154
7037,228
7038,266
7039,314
7040,323
7041,8
7042,20
7043,342
7044,128
7045,129
7046,129
7047,160
7048,315
7049,315
7050,324
7051,324
7052,324
7053,59
7054,59
7055,358
7056,358
7057,10
7058,16
7059,38
7060,83
7061,153
7062,163
7063,209
7064,303
7065,333
7066,88
7067,125
7068,248
7069,111
7070,218
7071,218
7072,224
7073,225
7074,687
7075,310
7076,326
7077,343
7078,642
7079,142
7080,179
7081,186
7082,442
7083,139
7084,433
7085,139
7086,139
7087,509
7088,139
7089,120
7090,280
7091,69
7092,13
7093,584
7094,584
7095,412
7096,344
7097,584
7098,37
7099,178
7100,318
7101,604
7102,275
7103,20
7104,179
7105,20
7106,315
7107,128
7108,184
7109,340
7110,419
7111,509
7112,120
7113,379
7114,71
7115,71
7116,89
7117,156
7118,83
7119,76
7120,661
7121,101
7122,84
7123,584
7124,148
7125,121
7126,121
7127,243
7128,243
7129,563
7130,17
7131,60
7132,227
7133,192
7134,216
7135,217
7136,217
7137,561
7138,120
7139,324
7140,131
7141,63
7142,63
7143,340
7144,120
7145,325
7146,282
7147,429
7148,412
7149,584
7150,282
7151,239
7152,3
7153,3
7154,147
7155,24
7156,119
7157,119
7158,281
7159,37
7160,263
7161,214
7162,235
7163,121
7164,382
7165,509
7167,50
7169,308
7170,687
7171,308
7172,314
7173,176
7174,2
7175,268
7176,666
7177,160
7178,160
7179,412
7180,584
7181,260
7182,260
7183,192
7184,70
7185,70
7186,164
7187,159
7188,159
7189,212
7190,17
7191,17
7192,421
7193,421
7194,120
7195,120
7196,164
7197,442
7198,358
7199,430
7200,421
7201,538
7202,538
7203,126
7204,442
7205,139
7206,148
7207,120
7208,442
7209,340
7210,340
7211,445
7212,442
7213,304
7214,52
7215,207
7216,154
7217,30
7218,269
7219,164
7220,17
7221,60
7222,12
7223,12
7224,174
7225,33
7226,16
7227,246
7228,444
7229,139
7230,127
7231,214
7232,89
7233,638
7234,637
7235,304
7236,137
7237,176
7238,382
7239,445
7240,560
7241,58
7242,65
7243,65
7244,82
7245,82
7246,164
7247,310
7248,209
7249,159
7250,615
7251,270
7252,236
7253,444
7254,139
7255,444
7256,444
7257,444
7258,444
7259,51
7260,121
7261,121
7262,367
7263,285
7264,503
7265,503
7266,163
7267,163
7268,208
7269,195
7270,303
7271,121
7272,121
7273,2
7274,339
7275,284
7276,42
7277,42
7278,145
7279,145
7280,124
7281,395
7282,433
7283,590
7284,249
7285,267
7286,177
7287,212
7288,179
7289,179
7290,218
7291,225
7292,139
7293,333
7294,121
7295,192
7296,140
7297,103
7298,511
7299,82
7300,82
7301,82
7302,110
7303,110
7304,121
7305,657
7306,331
7307,247
7308,51
7309,344
7310,412
7311,418
7312,210
7313,442
7314,139
7315,326
7316,442
7317,339
7318,538
7319,538
7320,339
7321,238
7322,638
7323,404
7324,404
7325,336
7326,404
7327,35
7328,354
7329,92
7330,408
7331,145
7332,87
7333,87
7334,91
7335,155
7336,279
7337,306
7338,20
7339,275
7340,134
7341,218
7342,363
7343,36
7344,419
7345,130
7346,1099
7347,331
7348,69
7349,445
7350,52
7351,1079
7352,148
7353,344
7354,176
7355,34
7356,126
7357,127
7358,110
7359,110
7360,160
7361,277
7362,101
7363,11
7364,280
7365,72
7366,72
7367,421
7368,538
7369,445
7370,188
7371,188
7372,23
7373,48
7374,35
7375,139
7376,603
7377,155
7378,155
7379,3
7380,180
7381,249
7382,256
7383,256
7384,15
7385,82
7386,84
7387,305
7388,168
7389,115
7390,186
7391,226
7392,216
7393,192
7394,192
7395,643
7396,93
7397,638
7398,622
7399,622
7400,284
7401,207
7402,304
7403,124
7404,352
7405,89
7406,622
7407,622
7408,696
7409,1079
7410,696
7411,80
7412,8
7413,1097
7414,26
7415,26
7416,26
7417,148
7418,553
7419,86
7420,51
7421,175
7422,91
7423,509
7424,509
7425,445
7426,13
7427,186
7428,696
7429,696
7430,666
7431,354
7432,30
7433,162
7434,168
7435,227
7436,186
7437,344
7438,228
7439,2062
7440,1097
7441,144
7442,403
7443,242
7444,657
7445,42
7446,236
7447,21
7448,4
7449,106
7450,242
7451,334
7452,192
7453,149
7454,164
7455,139
7456,226
7457,35
7458,104
7459,143
7460,242
7461,40
7462,160
7463,389
7464,77
7465,195
7466,641
7467,641
7468,641
7469,47
7470,156
7471,105
7472,140
7473,140
7474,668
7475,264
7476,48
7477,153
7478,130
7479,130
7480,21
7481,616
7482,616
7483,117
7484,66
7485,39
7486,120
7487,120
7488,358
7489,358
7490,219
7491,219
7492,250
7493,268
7494,189
7495,192
7496,246
7497,216
7498,275
7499,184
7500,10
7501,69
7502,22
7503,357
7504,356
7505,386
7506,103
7507,60
7508,60
7509,354
7510,322
7511,322
7512,65
7513,65
7514,51
7515,1
7516,1082
7517,446
7518,560
7519,111
7520,131
7521,82
7522,429
7523,344
7524,51
7525,21
7526,21
7527,324
7528,34
7529,27
7530,24
7531,303
7532,353
7533,1082
7534,171
7535,2
7536,2
7537,561
7538,64
7539,253
7540,687
7541,38
7542,357
7543,561
7544,132
7545,89
7546,616
7547,616
7548,429
7549,51
7550,125
7551,159
7575,242
7576,167
7577,167
7578,163
7579,282
7580,105
7581,3
7582,310
7583,310
7584,310
7585,258
7586,661
7587,22
7588,325
7589,220
7590,1081
7591,363
7592,509
7593,71
7594,411
7595,95
7596,26
7597,115
7598,157
7599,243
7600,243
7601,214
7602,214
7603,306
7604,12
7605,108
7606,129
7607,129
7608,20
7609,174
7610,55
7611,553
7612,584
7613,46
7614,412
7615,412
7616,411
7617,12
7618,603
7619,119
7620,509
7621,382
7622,194
7623,186
7624,446
7625,509
7626,379
7627,556
7628,572
7629,556
7630,268
7631,404
7632,367
7633,367
7634,336
7635,404
7636,302
7637,354
7638,419
7639,419
7640,419
7641,1
7642,89
7643,304
7644,273
7645,339
7646,668
7647,86
7648,395
7649,538
7650,43
7651,256
7652,270
7653,270
7654,321
7655,1099
7656,285
7657,668
7658,668
7659,668
7660,2
7661,560
7662,560
7663,275
7664,444
7665,71
7666,89
7667,45
7668,110
7669,344
7670,124
7671,164
7672,334
7673,410
7674,247
7675,410
7676,242
7677,39
7678,276
7679,103
7680,237
7681,66
7682,17
7683,76
7684,81
7685,101
7686,72
7687,126
7688,95
7689,553
7690,63
7691,63
7692,323
7693,323
7694,89
7695,641
7696,187
7697,187
7698,64
7699,192
7700,217
7701,561
7702,605
7703,605
7704,605
7705,605
7706,605
7707,605
7708,127
7709,357
7710,11
7711,140
7712,182
7713,12
7714,638
7715,282
7716,340
7717,268
7718,71
7719,71
7720,71
7721,71
7722,357
7723,358
7724,358
7725,358
7726,282
7727,121
7728,121
7729,192
7730,560
7731,249
7732,105
7733,107
7734,36
7735,363
7736,225
7737,279
7738,179
7739,179
7740,433
7741,433
7742,538
7743,339
7744,92
7745,111
7746,21
7747,21
7748,21
7749,21
7750,21
7751,59
7752,30
7753,379
7754,212
7755,1099
7756,1099
7757,268
7758,2
7759,2
7760,446
7761,54
7762,54
7763,92
7764,256
7765,256
7766,321
7767,20
7768,155
7769,603
7770,164
7771,160
7772,687
7773,263
7774,1079
7775,354
7776,239
7777,657
7778,92
7779,181
7780,181
7781,181
7782,94
7783,212
7784,212
7785,30
7786,30
7787,11
7788,213
7789,243
7790,243
7791,141
7792,277
7793,84
7794,572
7795,176
7796,99
7797,99
7798,99
7799,144
7800,353
7801,89
7802,419
7803,264
7804,186
7805,60
7806,60
7807,418
7808,363
7809,245
7810,112
7811,27
7812,509
7813,509
7814,304
7815,72
7816,687
7817,92
7818,446
7819,120
7820,100
7821,101
7822,327
7823,113
7824,228
7825,144
7826,85
7827,638
7828,238
7829,266
7830,39
7831,616
7832,615
7833,560
7834,318
7835,86
7836,267
7837,216
7838,216
7839,187
7840,310
7841,1080
7842,1079
7843,236
7844,175
7845,152
7846,12
7847,12
7848,572
7849,123
7850,179
7851,133
7852,91
7853,395
7854,236
7855,11
7856,55
7857,605
7858,9
7859,71
7860,278
7861,93
7862,39
7863,281
7864,344
7865,344
7866,344
7867,344
7868,429
7869,65
7870,70
7871,73
7872,73
7873,15
7874,271
7875,331
7876,75
7877,132
7878,16
7879,553
7880,108
7881,88
7882,79
7883,563
7884,563
7885,311
7886,24
7887,421
7888,139
7889,324
7890,242
7891,242
7892,244
7893,244
7894,82
7895,126
7896,214
7897,163
7898,627
7899,212
7900,212
7901,213
7902,604
7903,243
7904,243
7905,212
7906,556
7907,116
7908,116
7909,444
7910,444
7911,218
7912,218
7913,218
7914,135
7915,315
7916,131
7917,159
7918,37
7919,58
7920,354
7921,354
7922,354
7923,7
7924,7
7925,7
7926,7
7927,51
7928,429
7929,429
7930,73
7931,73
7932,233
7933,278
7934,277
7935,274
7936,243
7937,243
7938,279
7939,54
7940,279
7941,311
7942,1082
7943,1082
7944,1082
7945,212
9811,206
9820,229
9821,229
9822,229
9823,229
9824,229
9825,229
9826,198
9827,198
9828,146
9829,146
9830,197
9831,201
9832,202
9833,196
9834,203
9835,204
9836,854
9837,855
9838,200
9839,198
9840,146
9841,205
9842,201
9843,229
9844,229
9845,229
9846,229
9847,229
9848,197
